artifact	package	version	declared_license	location	license_notice_files
text-tools-server	jaconv	1.1.2	MIT	node_modules/jaconv	LICENSE
text-tools-server	vscode-jsonrpc	8.2.0	MIT	node_modules/vscode-jsonrpc	License.txt,thirdpartynotices.txt
text-tools-server	vscode-languageserver	9.0.1	MIT	node_modules/vscode-languageserver	License.txt,thirdpartynotices.txt
text-tools-server	vscode-languageserver-protocol	3.17.5	MIT	node_modules/vscode-languageserver-protocol	License.txt,thirdpartynotices.txt
text-tools-server	vscode-languageserver-textdocument	1.0.12	MIT	node_modules/vscode-languageserver-textdocument	License.txt,thirdpartynotices.txt
text-tools-server	vscode-languageserver-types	3.17.5	MIT	node_modules/vscode-languageserver-types	License.txt,thirdpartynotices.txt
text-tools-proofreading-server	@azu/format-text	1.0.2	BSD-3-Clause	node_modules/@azu/format-text	
text-tools-proofreading-server	@azu/style-format	1.0.1	WTFPL	node_modules/@azu/style-format	LICENSE
text-tools-proofreading-server	@babel/code-frame	7.29.7	MIT	node_modules/@babel/code-frame	LICENSE
text-tools-proofreading-server	@babel/helper-validator-identifier	7.29.7	MIT	node_modules/@babel/helper-validator-identifier	LICENSE
text-tools-proofreading-server	@cacheable/memory	2.2.0	MIT	node_modules/@cacheable/memory	LICENSE
text-tools-proofreading-server	@cacheable/utils	2.5.0	MIT	node_modules/@cacheable/utils	LICENSE
text-tools-proofreading-server	@keyv/bigmap	1.3.1	MIT	node_modules/@keyv/bigmap	LICENSE
text-tools-proofreading-server	@keyv/serialize	1.1.1	MIT	node_modules/@keyv/serialize	LICENSE
text-tools-proofreading-server	@kvs/env	2.2.2	MIT	node_modules/@kvs/env	LICENSE
text-tools-proofreading-server	@kvs/indexeddb	2.2.2	MIT	node_modules/@kvs/indexeddb	LICENSE
text-tools-proofreading-server	@kvs/node-localstorage	2.2.2	MIT	node_modules/@kvs/node-localstorage	LICENSE
text-tools-proofreading-server	@kvs/storage	2.2.2	MIT	node_modules/@kvs/storage	LICENSE
text-tools-proofreading-server	@kvs/types	2.2.2	MIT	node_modules/@kvs/types	LICENSE
text-tools-proofreading-server	@modelcontextprotocol/core	2.0.0	MIT	node_modules/@modelcontextprotocol/core	LICENSE
text-tools-proofreading-server	@modelcontextprotocol/server	2.0.0	MIT	node_modules/@modelcontextprotocol/server	LICENSE
text-tools-proofreading-server	@textlint/ast-node-types	15.8.0	MIT	node_modules/@textlint/ast-node-types	LICENSE
text-tools-proofreading-server	@textlint/ast-tester	15.8.0	MIT	node_modules/@textlint/ast-tester	LICENSE
text-tools-proofreading-server	@textlint/ast-traverse	15.8.0	MIT	node_modules/@textlint/ast-traverse	LICENSE
text-tools-proofreading-server	@textlint/config-loader	15.8.0	MIT	node_modules/@textlint/config-loader	LICENSE
text-tools-proofreading-server	@textlint/feature-flag	15.8.0	MIT	node_modules/@textlint/feature-flag	LICENSE
text-tools-proofreading-server	@textlint/fixer-formatter	15.8.0	MIT	node_modules/@textlint/fixer-formatter	LICENSE
text-tools-proofreading-server	@textlint/kernel	15.8.0	MIT	node_modules/@textlint/kernel	LICENSE
text-tools-proofreading-server	@textlint/linter-formatter	15.8.0	MIT	node_modules/@textlint/linter-formatter	LICENSE
text-tools-proofreading-server	@textlint/markdown-to-ast	15.8.0	MIT	node_modules/@textlint/markdown-to-ast	LICENSE
text-tools-proofreading-server	@textlint/module-interop	15.8.0	MIT	node_modules/@textlint/module-interop	LICENSE
text-tools-proofreading-server	@textlint/regexp-string-matcher	2.0.2	MIT	node_modules/@textlint/regexp-string-matcher	LICENSE
text-tools-proofreading-server	@textlint/resolver	15.8.0	MIT	node_modules/@textlint/resolver	LICENSE
text-tools-proofreading-server	@textlint/source-code-fixer	15.8.0	MIT	node_modules/@textlint/source-code-fixer	LICENSE
text-tools-proofreading-server	@textlint/text-to-ast	15.8.0	MIT	node_modules/@textlint/text-to-ast	LICENSE
text-tools-proofreading-server	@textlint/textlint-plugin-markdown	15.8.0	MIT	node_modules/@textlint/textlint-plugin-markdown	LICENSE
text-tools-proofreading-server	@textlint/textlint-plugin-text	15.8.0	MIT	node_modules/@textlint/textlint-plugin-text	LICENSE
text-tools-proofreading-server	@textlint/types	15.8.0	MIT	node_modules/@textlint/types	LICENSE
text-tools-proofreading-server	@textlint/utils	15.8.0	MIT	node_modules/@textlint/utils	LICENSE
text-tools-proofreading-server	@textlint-rule/textlint-rule-no-invalid-control-character	3.0.0	MIT	node_modules/@textlint-rule/textlint-rule-no-invalid-control-character	LICENSE
text-tools-proofreading-server	@types/mdast	3.0.15	MIT	node_modules/@types/mdast	LICENSE
text-tools-proofreading-server	@types/normalize-package-data	2.4.4	MIT	node_modules/@types/normalize-package-data	LICENSE
text-tools-proofreading-server	@types/unist	2.0.11	MIT	node_modules/@types/unist	LICENSE
text-tools-proofreading-server	ajv	8.20.0	MIT	node_modules/ajv	LICENSE
text-tools-proofreading-server	analyze-desumasu-dearu	5.0.2	MIT	node_modules/analyze-desumasu-dearu	LICENSE
text-tools-proofreading-server	ansi-regex	5.0.1	MIT	node_modules/ansi-regex	license
text-tools-proofreading-server	ansi-styles	4.3.0	MIT	node_modules/ansi-styles	license
text-tools-proofreading-server	app-root-path	3.1.0	MIT	node_modules/app-root-path	LICENSE
text-tools-proofreading-server	argparse	2.0.1	Python-2.0	node_modules/argparse	LICENSE
text-tools-proofreading-server	astral-regex	2.0.0	MIT	node_modules/astral-regex	license
text-tools-proofreading-server	async	2.6.4	MIT	node_modules/async	LICENSE
text-tools-proofreading-server	bail	1.0.5	MIT	node_modules/bail	license
text-tools-proofreading-server	balanced-match	4.0.4	MIT	node_modules/balanced-match	LICENSE.md
text-tools-proofreading-server	boundary	2.0.0	BSD-2-Clause	node_modules/boundary	LICENSE.BSD,LICENSE.LIBCXX
text-tools-proofreading-server	brace-expansion	5.0.12	MIT	node_modules/brace-expansion	LICENSE
text-tools-proofreading-server	cacheable	2.5.0	MIT	node_modules/cacheable	LICENSE
text-tools-proofreading-server	call-bind	1.0.9	MIT	node_modules/call-bind	LICENSE
text-tools-proofreading-server	call-bind-apply-helpers	1.0.2	MIT	node_modules/call-bind-apply-helpers	LICENSE
text-tools-proofreading-server	ccount	1.1.0	MIT	node_modules/ccount	license
text-tools-proofreading-server	character-entities	1.2.4	MIT	node_modules/character-entities	license
text-tools-proofreading-server	character-entities-legacy	1.1.4	MIT	node_modules/character-entities-legacy	license
text-tools-proofreading-server	character-reference-invalid	1.1.4	MIT	node_modules/character-reference-invalid	license
text-tools-proofreading-server	charenc	0.0.2	BSD-3-Clause	node_modules/charenc	LICENSE.mkd
text-tools-proofreading-server	color-convert	2.0.1	MIT	node_modules/color-convert	LICENSE
text-tools-proofreading-server	color-name	1.1.4	MIT	node_modules/color-name	LICENSE
text-tools-proofreading-server	comma-separated-tokens	1.0.8	MIT	node_modules/comma-separated-tokens	license
text-tools-proofreading-server	crypt	0.0.2	BSD-3-Clause	node_modules/crypt	LICENSE.mkd
text-tools-proofreading-server	debug	4.4.3	MIT	node_modules/debug	LICENSE
text-tools-proofreading-server	deep-is	0.1.4	MIT	node_modules/deep-is	LICENSE
text-tools-proofreading-server	define-data-property	1.1.4	MIT	node_modules/define-data-property	LICENSE
text-tools-proofreading-server	define-properties	1.2.1	MIT	node_modules/define-properties	LICENSE
text-tools-proofreading-server	diff	8.0.4	BSD-3-Clause	node_modules/diff	LICENSE
text-tools-proofreading-server	doublearray	0.0.2	MIT	node_modules/doublearray	LICENSE.txt
text-tools-proofreading-server	dunder-proto	1.0.1	MIT	node_modules/dunder-proto	LICENSE
text-tools-proofreading-server	emoji-regex	8.0.0	MIT	node_modules/emoji-regex	LICENSE-MIT.txt
text-tools-proofreading-server	es-define-property	1.0.1	MIT	node_modules/es-define-property	LICENSE
text-tools-proofreading-server	es-errors	1.3.0	MIT	node_modules/es-errors	LICENSE
text-tools-proofreading-server	es-object-atoms	1.1.2	MIT	node_modules/es-object-atoms	LICENSE
text-tools-proofreading-server	escape-string-regexp	4.0.0	MIT	node_modules/escape-string-regexp	license
text-tools-proofreading-server	extend	3.0.2	MIT	node_modules/extend	LICENSE
text-tools-proofreading-server	fast-deep-equal	3.1.3	MIT	node_modules/fast-deep-equal	LICENSE
text-tools-proofreading-server	fast-equals	4.0.3	MIT	node_modules/fast-equals	LICENSE
text-tools-proofreading-server	fast-levenshtein	2.0.6	MIT	node_modules/fast-levenshtein	LICENSE.md
text-tools-proofreading-server	fast-uri	3.1.8	BSD-3-Clause	node_modules/fast-uri	LICENSE
text-tools-proofreading-server	fault	1.0.4	MIT	node_modules/fault	license
text-tools-proofreading-server	file-entry-cache	10.1.4	MIT	node_modules/file-entry-cache	LICENSE
text-tools-proofreading-server	find-up-simple	1.0.1	MIT	node_modules/find-up-simple	license
text-tools-proofreading-server	flat-cache	6.1.23	MIT	node_modules/flat-cache	LICENSE
text-tools-proofreading-server	flatted	3.4.4	ISC	node_modules/flatted	LICENSE
text-tools-proofreading-server	format	0.2.2	[{"type":"MIT","url":"http://sjs.mit-license.org"}]	node_modules/format	
text-tools-proofreading-server	function-bind	1.1.2	MIT	node_modules/function-bind	LICENSE
text-tools-proofreading-server	functions-have-names	1.2.3	MIT	node_modules/functions-have-names	LICENSE
text-tools-proofreading-server	get-intrinsic	1.3.0	MIT	node_modules/get-intrinsic	LICENSE
text-tools-proofreading-server	get-proto	1.0.1	MIT	node_modules/get-proto	LICENSE
text-tools-proofreading-server	glob	13.0.6	BlueOak-1.0.0	node_modules/glob	LICENSE.md
text-tools-proofreading-server	gopd	1.2.0	MIT	node_modules/gopd	LICENSE
text-tools-proofreading-server	graceful-fs	4.2.11	ISC	node_modules/graceful-fs	LICENSE
text-tools-proofreading-server	has-property-descriptors	1.0.2	MIT	node_modules/has-property-descriptors	LICENSE
text-tools-proofreading-server	has-symbols	1.1.0	MIT	node_modules/has-symbols	LICENSE
text-tools-proofreading-server	hashery	1.5.1	MIT	node_modules/hashery	LICENSE
text-tools-proofreading-server	hasown	2.0.4	MIT	node_modules/hasown	LICENSE
text-tools-proofreading-server	hast-util-from-parse5	5.0.3	MIT	node_modules/hast-util-from-parse5	license
text-tools-proofreading-server	hast-util-parse-selector	2.2.5	MIT	node_modules/hast-util-parse-selector	license
text-tools-proofreading-server	hastscript	5.1.2	MIT	node_modules/hastscript	license
text-tools-proofreading-server	hookified	1.15.1	MIT	node_modules/hookified	LICENSE
text-tools-proofreading-server	lru-cache	10.4.3	ISC	node_modules/hosted-git-info/node_modules/lru-cache	LICENSE
text-tools-proofreading-server	hosted-git-info	7.0.2	ISC	node_modules/hosted-git-info	LICENSE
text-tools-proofreading-server	imurmurhash	0.1.4	MIT	node_modules/imurmurhash	
text-tools-proofreading-server	index-to-position	1.2.0	MIT	node_modules/index-to-position	license
text-tools-proofreading-server	is-alphabetical	1.0.4	MIT	node_modules/is-alphabetical	license
text-tools-proofreading-server	is-alphanumerical	1.0.4	MIT	node_modules/is-alphanumerical	license
text-tools-proofreading-server	is-buffer	1.1.6	MIT	node_modules/is-buffer	LICENSE
text-tools-proofreading-server	is-decimal	1.0.4	MIT	node_modules/is-decimal	license
text-tools-proofreading-server	is-fullwidth-code-point	3.0.0	MIT	node_modules/is-fullwidth-code-point	license
text-tools-proofreading-server	is-hexadecimal	1.0.4	MIT	node_modules/is-hexadecimal	license
text-tools-proofreading-server	is-plain-obj	2.1.0	MIT	node_modules/is-plain-obj	license
text-tools-proofreading-server	js-tokens	4.0.0	MIT	node_modules/js-tokens	LICENSE
text-tools-proofreading-server	js-yaml	4.3.2	MIT	node_modules/js-yaml	LICENSE
text-tools-proofreading-server	json-schema-traverse	1.0.0	MIT	node_modules/json-schema-traverse	LICENSE
text-tools-proofreading-server	json5	2.2.3	MIT	node_modules/json5	LICENSE.md
text-tools-proofreading-server	keyv	5.6.0	MIT	node_modules/keyv	LICENSE
text-tools-proofreading-server	kuromoji	0.1.2	Apache-2.0	node_modules/kuromoji	LICENSE-2.0.txt,NOTICE.md
text-tools-proofreading-server	kuromojin	3.0.1	MIT	node_modules/kuromojin	LICENSE
text-tools-proofreading-server	levn	0.4.1	MIT	node_modules/levn	LICENSE
text-tools-proofreading-server	lodash	4.18.1	MIT	node_modules/lodash	LICENSE
text-tools-proofreading-server	lodash.sortby	4.7.0	MIT	node_modules/lodash.sortby	LICENSE
text-tools-proofreading-server	lodash.truncate	4.4.2	MIT	node_modules/lodash.truncate	LICENSE
text-tools-proofreading-server	lodash.uniq	4.5.0	MIT	node_modules/lodash.uniq	LICENSE
text-tools-proofreading-server	lodash.uniqwith	4.5.0	MIT	node_modules/lodash.uniqwith	LICENSE
text-tools-proofreading-server	longest-streak	2.0.4	MIT	node_modules/longest-streak	license
text-tools-proofreading-server	lru-cache	11.5.2	BlueOak-1.0.0	node_modules/lru-cache	LICENSE.md
text-tools-proofreading-server	lru_map	0.4.1	MIT	node_modules/lru_map	
text-tools-proofreading-server	markdown-table	2.0.0	MIT	node_modules/markdown-table	license
text-tools-proofreading-server	match-index	1.0.3	MIT	node_modules/match-index	LICENSE
text-tools-proofreading-server	math-intrinsics	1.1.0	MIT	node_modules/math-intrinsics	LICENSE
text-tools-proofreading-server	md5	2.3.0	BSD-3-Clause	node_modules/md5	LICENSE
text-tools-proofreading-server	mdast-util-find-and-replace	1.1.1	MIT	node_modules/mdast-util-find-and-replace	license
text-tools-proofreading-server	mdast-util-footnote	0.1.7	MIT	node_modules/mdast-util-footnote	license
text-tools-proofreading-server	mdast-util-from-markdown	0.8.5	MIT	node_modules/mdast-util-from-markdown	license
text-tools-proofreading-server	mdast-util-frontmatter	0.2.0	MIT	node_modules/mdast-util-frontmatter	license
text-tools-proofreading-server	mdast-util-gfm	0.1.2	MIT	node_modules/mdast-util-gfm	license
text-tools-proofreading-server	mdast-util-gfm-autolink-literal	0.1.3	MIT	node_modules/mdast-util-gfm-autolink-literal	license
text-tools-proofreading-server	mdast-util-gfm-strikethrough	0.2.3	MIT	node_modules/mdast-util-gfm-strikethrough	license
text-tools-proofreading-server	mdast-util-gfm-table	0.1.6	MIT	node_modules/mdast-util-gfm-table	license
text-tools-proofreading-server	mdast-util-gfm-task-list-item	0.1.6	MIT	node_modules/mdast-util-gfm-task-list-item	license
text-tools-proofreading-server	mdast-util-to-markdown	0.6.5	MIT	node_modules/mdast-util-to-markdown	license
text-tools-proofreading-server	mdast-util-to-string	2.0.0	MIT	node_modules/mdast-util-to-string	license
text-tools-proofreading-server	micromark	2.11.4	MIT	node_modules/micromark	license
text-tools-proofreading-server	micromark-extension-footnote	0.3.2	MIT	node_modules/micromark-extension-footnote	license
text-tools-proofreading-server	micromark-extension-frontmatter	0.2.2	MIT	node_modules/micromark-extension-frontmatter	license
text-tools-proofreading-server	micromark-extension-gfm	0.3.3	MIT	node_modules/micromark-extension-gfm	license
text-tools-proofreading-server	micromark-extension-gfm-autolink-literal	0.5.7	MIT	node_modules/micromark-extension-gfm-autolink-literal	license
text-tools-proofreading-server	micromark-extension-gfm-strikethrough	0.6.5	MIT	node_modules/micromark-extension-gfm-strikethrough	license
text-tools-proofreading-server	micromark-extension-gfm-table	0.4.3	MIT	node_modules/micromark-extension-gfm-table	license
text-tools-proofreading-server	micromark-extension-gfm-tagfilter	0.3.0	MIT	node_modules/micromark-extension-gfm-tagfilter	license
text-tools-proofreading-server	micromark-extension-gfm-task-list-item	0.3.3	MIT	node_modules/micromark-extension-gfm-task-list-item	license
text-tools-proofreading-server	minimatch	10.2.6	BlueOak-1.0.0	node_modules/minimatch	LICENSE.md
text-tools-proofreading-server	minipass	7.1.3	BlueOak-1.0.0	node_modules/minipass	LICENSE.md
text-tools-proofreading-server	ms	2.1.3	MIT	node_modules/ms	license.md
text-tools-proofreading-server	neotraverse	0.6.18	MIT	node_modules/neotraverse	LICENSE
text-tools-proofreading-server	node-localstorage	2.2.1	MIT	node_modules/node-localstorage	LICENSE.md
text-tools-proofreading-server	normalize-package-data	6.0.2	BSD-2-Clause	node_modules/normalize-package-data	LICENSE
text-tools-proofreading-server	object-keys	1.1.1	MIT	node_modules/object-keys	LICENSE
text-tools-proofreading-server	optionator	0.9.4	MIT	node_modules/optionator	LICENSE
text-tools-proofreading-server	parse-entities	2.0.0	MIT	node_modules/parse-entities	license
text-tools-proofreading-server	parse-json	8.3.0	MIT	node_modules/parse-json	license
text-tools-proofreading-server	parse5	5.1.1	MIT	node_modules/parse5	LICENSE
text-tools-proofreading-server	path-scurry	2.0.2	BlueOak-1.0.0	node_modules/path-scurry	LICENSE.md
text-tools-proofreading-server	path-to-glob-pattern	2.0.1	MIT	node_modules/path-to-glob-pattern	LICENSE
text-tools-proofreading-server	picocolors	1.1.1	ISC	node_modules/picocolors	LICENSE
text-tools-proofreading-server	pluralize	2.0.0	MIT	node_modules/pluralize	LICENSE
text-tools-proofreading-server	prelude-ls	1.2.1	MIT	node_modules/prelude-ls	LICENSE
text-tools-proofreading-server	property-information	5.6.0	MIT	node_modules/property-information	license
text-tools-proofreading-server	hookified	2.2.0	MIT	node_modules/qified/node_modules/hookified	LICENSE
text-tools-proofreading-server	qified	0.10.1	MIT	node_modules/qified	LICENSE
text-tools-proofreading-server	rc-config-loader	4.1.4	MIT	node_modules/rc-config-loader	LICENSE
text-tools-proofreading-server	read-package-up	11.0.0	MIT	node_modules/read-package-up	license
text-tools-proofreading-server	read-pkg	9.0.1	MIT	node_modules/read-pkg	license
text-tools-proofreading-server	regexp.prototype.flags	1.5.4	MIT	node_modules/regexp.prototype.flags	LICENSE
text-tools-proofreading-server	rehype-parse	6.0.2	MIT	node_modules/rehype-parse	
text-tools-proofreading-server	remark-footnotes	3.0.0	MIT	node_modules/remark-footnotes	license
text-tools-proofreading-server	remark-frontmatter	3.0.0	MIT	node_modules/remark-frontmatter	license
text-tools-proofreading-server	remark-gfm	1.0.0	MIT	node_modules/remark-gfm	license
text-tools-proofreading-server	remark-parse	9.0.0	MIT	node_modules/remark-parse	
text-tools-proofreading-server	repeat-string	1.6.1	MIT	node_modules/repeat-string	LICENSE
text-tools-proofreading-server	require-from-string	2.0.2	MIT	node_modules/require-from-string	license
text-tools-proofreading-server	semver	7.8.5	ISC	node_modules/semver	LICENSE
text-tools-proofreading-server	@textlint/ast-node-types	13.4.1	MIT	node_modules/sentence-splitter/node_modules/@textlint/ast-node-types	LICENSE
text-tools-proofreading-server	sentence-splitter	5.0.1	MIT	node_modules/sentence-splitter	LICENSE
text-tools-proofreading-server	set-function-length	1.2.2	MIT	node_modules/set-function-length	LICENSE
text-tools-proofreading-server	set-function-name	2.0.2	MIT	node_modules/set-function-name	LICENSE
text-tools-proofreading-server	slice-ansi	4.0.0	MIT	node_modules/slice-ansi	license
text-tools-proofreading-server	slide	1.1.6	ISC	node_modules/slide	LICENSE
text-tools-proofreading-server	space-separated-tokens	1.1.5	MIT	node_modules/space-separated-tokens	license
text-tools-proofreading-server	spdx-correct	3.2.0	Apache-2.0	node_modules/spdx-correct	LICENSE
text-tools-proofreading-server	spdx-exceptions	2.5.0	CC-BY-3.0	node_modules/spdx-exceptions	
text-tools-proofreading-server	spdx-expression-parse	3.0.1	MIT	node_modules/spdx-expression-parse	LICENSE
text-tools-proofreading-server	spdx-license-ids	3.0.24	CC0-1.0	node_modules/spdx-license-ids	
text-tools-proofreading-server	string-width	4.2.3	MIT	node_modules/string-width	license
text-tools-proofreading-server	strip-ansi	6.0.1	MIT	node_modules/strip-ansi	license
text-tools-proofreading-server	structured-source	4.0.0	BSD-2-Clause	node_modules/structured-source	LICENSE.BSD
text-tools-proofreading-server	table	6.9.0	BSD-3-Clause	node_modules/table	LICENSE
text-tools-proofreading-server	text-table	0.2.0	MIT	node_modules/text-table	LICENSE
text-tools-proofreading-server	textlint	15.8.0	MIT	node_modules/textlint	LICENSE
text-tools-proofreading-server	textlint-rule-helper	2.5.0	MIT	node_modules/textlint-rule-helper	LICENSE
text-tools-proofreading-server	textlint-rule-max-ten	5.0.0	MIT	node_modules/textlint-rule-max-ten	LICENSE
text-tools-proofreading-server	textlint-rule-no-double-negative-ja	2.0.1	MIT	node_modules/textlint-rule-no-double-negative-ja	LICENSE
text-tools-proofreading-server	textlint-rule-no-doubled-conjunction	3.0.1	MIT	node_modules/textlint-rule-no-doubled-conjunction	LICENSE
text-tools-proofreading-server	textlint-rule-no-doubled-conjunctive-particle-ga	3.0.0	MIT	node_modules/textlint-rule-no-doubled-conjunctive-particle-ga	LICENSE
text-tools-proofreading-server	textlint-rule-no-doubled-joshi	5.1.1	MIT	node_modules/textlint-rule-no-doubled-joshi	LICENSE
text-tools-proofreading-server	textlint-rule-no-dropping-the-ra	3.0.0	MIT	node_modules/textlint-rule-no-dropping-the-ra	LICENSE
text-tools-proofreading-server	textlint-rule-no-kangxi-radicals	0.2.2	MIT	node_modules/textlint-rule-no-kangxi-radicals	
text-tools-proofreading-server	textlint-rule-no-mix-dearu-desumasu	6.0.4	MIT	node_modules/textlint-rule-no-mix-dearu-desumasu	LICENSE
text-tools-proofreading-server	textlint-rule-no-nfd	2.0.2	MIT	node_modules/textlint-rule-no-nfd	LICENSE
text-tools-proofreading-server	textlint-rule-no-zero-width-spaces	1.0.1	MIT	node_modules/textlint-rule-no-zero-width-spaces	LICENSE
text-tools-proofreading-server	@textlint/module-interop	14.8.4	MIT	node_modules/textlint-rule-preset-japanese/node_modules/@textlint/module-interop	LICENSE
text-tools-proofreading-server	textlint-rule-preset-japanese	10.0.4	MIT	node_modules/textlint-rule-preset-japanese	LICENSE
text-tools-proofreading-server	textlint-rule-sentence-length	5.2.1	MIT	node_modules/textlint-rule-sentence-length	LICENSE
text-tools-proofreading-server	@textlint/ast-node-types	13.4.1	MIT	node_modules/textlint-util-to-string/node_modules/@textlint/ast-node-types	LICENSE
text-tools-proofreading-server	unified	8.4.2	MIT	node_modules/textlint-util-to-string/node_modules/unified	license
text-tools-proofreading-server	textlint-util-to-string	3.3.4	MIT	node_modules/textlint-util-to-string	LICENSE
text-tools-proofreading-server	trough	1.0.5	MIT	node_modules/trough	license
text-tools-proofreading-server	type-check	0.4.0	MIT	node_modules/type-check	LICENSE
text-tools-proofreading-server	type-fest	4.41.0	(MIT OR CC0-1.0)	node_modules/type-fest	license-cc0,license-mit
text-tools-proofreading-server	unicorn-magic	0.1.0	MIT	node_modules/unicorn-magic	license
text-tools-proofreading-server	is-buffer	2.0.5	MIT	node_modules/unified/node_modules/is-buffer	LICENSE
text-tools-proofreading-server	unified	9.2.2	MIT	node_modules/unified	license
text-tools-proofreading-server	unist-util-is	4.1.0	MIT	node_modules/unist-util-is	license
text-tools-proofreading-server	unist-util-stringify-position	2.0.3	MIT	node_modules/unist-util-stringify-position	license
text-tools-proofreading-server	unist-util-visit	2.0.3	MIT	node_modules/unist-util-visit	license
text-tools-proofreading-server	unist-util-visit-parents	3.1.1	MIT	node_modules/unist-util-visit-parents	license
text-tools-proofreading-server	validate-npm-package-license	3.0.4	Apache-2.0	node_modules/validate-npm-package-license	LICENSE
text-tools-proofreading-server	is-buffer	2.0.5	MIT	node_modules/vfile/node_modules/is-buffer	LICENSE
text-tools-proofreading-server	vfile	4.2.1	MIT	node_modules/vfile	license
text-tools-proofreading-server	vfile-message	2.0.4	MIT	node_modules/vfile-message	license
text-tools-proofreading-server	vscode-jsonrpc	8.2.0	MIT	node_modules/vscode-jsonrpc	License.txt,thirdpartynotices.txt
text-tools-proofreading-server	vscode-languageserver	9.0.1	MIT	node_modules/vscode-languageserver	License.txt,thirdpartynotices.txt
text-tools-proofreading-server	vscode-languageserver-protocol	3.17.5	MIT	node_modules/vscode-languageserver-protocol	License.txt,thirdpartynotices.txt
text-tools-proofreading-server	vscode-languageserver-textdocument	1.0.12	MIT	node_modules/vscode-languageserver-textdocument	License.txt,thirdpartynotices.txt
text-tools-proofreading-server	vscode-languageserver-types	3.17.5	MIT	node_modules/vscode-languageserver-types	License.txt,thirdpartynotices.txt
text-tools-proofreading-server	web-namespaces	1.1.4	MIT	node_modules/web-namespaces	license
text-tools-proofreading-server	word-wrap	1.2.5	MIT	node_modules/word-wrap	LICENSE
text-tools-proofreading-server	write-file-atomic	1.3.4	ISC	node_modules/write-file-atomic	LICENSE
text-tools-proofreading-server	xtend	4.0.2	MIT	node_modules/xtend	LICENSE
text-tools-proofreading-server	zlibjs	0.3.1	MIT	node_modules/zlibjs	LICENSE
text-tools-proofreading-server	zod	4.6.5	MIT	node_modules/zod	LICENSE
text-tools-proofreading-server	zwitch	1.0.5	MIT	node_modules/zwitch	license
cargo-conversion	adler2	2.0.1	0BSD OR MIT OR Apache-2.0	registry+https://github.com/rust-lang/crates.io-index	LICENSE-0BSD,LICENSE-APACHE,LICENSE-MIT
cargo-conversion	anyhow	1.0.104	MIT OR Apache-2.0	registry+https://github.com/rust-lang/crates.io-index	LICENSE-APACHE,LICENSE-MIT
cargo-conversion	auditable-serde	0.8.0	MIT OR Apache-2.0	registry+https://github.com/rust-lang/crates.io-index	
cargo-conversion	bitflags	2.13.2	MIT OR Apache-2.0	registry+https://github.com/rust-lang/crates.io-index	LICENSE-APACHE,LICENSE-MIT
cargo-conversion	cfg-if	1.0.5	MIT OR Apache-2.0	registry+https://github.com/rust-lang/crates.io-index	LICENSE-APACHE,LICENSE-MIT
cargo-conversion	crc32fast	1.5.2	MIT OR Apache-2.0	registry+https://github.com/rust-lang/crates.io-index	LICENSE-APACHE,LICENSE-MIT
cargo-conversion	displaydoc	0.2.7	MIT OR Apache-2.0	registry+https://github.com/rust-lang/crates.io-index	LICENSE-APACHE,LICENSE-MIT
cargo-conversion	equivalent	1.0.2	Apache-2.0 OR MIT	registry+https://github.com/rust-lang/crates.io-index	LICENSE-APACHE,LICENSE-MIT
cargo-conversion	flate2	1.1.10	MIT OR Apache-2.0	registry+https://github.com/rust-lang/crates.io-index	LICENSE-APACHE,LICENSE-MIT
cargo-conversion	foldhash	0.1.5	Zlib	registry+https://github.com/rust-lang/crates.io-index	LICENSE
cargo-conversion	form_urlencoded	1.2.2	MIT OR Apache-2.0	registry+https://github.com/rust-lang/crates.io-index	LICENSE-APACHE,LICENSE-MIT
cargo-conversion	futures	0.3.34	MIT OR Apache-2.0	registry+https://github.com/rust-lang/crates.io-index	LICENSE-APACHE,LICENSE-MIT
cargo-conversion	futures-channel	0.3.34	MIT OR Apache-2.0	registry+https://github.com/rust-lang/crates.io-index	LICENSE-APACHE,LICENSE-MIT
cargo-conversion	futures-core	0.3.34	MIT OR Apache-2.0	registry+https://github.com/rust-lang/crates.io-index	LICENSE-APACHE,LICENSE-MIT
cargo-conversion	futures-executor	0.3.34	MIT OR Apache-2.0	registry+https://github.com/rust-lang/crates.io-index	LICENSE-APACHE,LICENSE-MIT
cargo-conversion	futures-io	0.3.34	MIT OR Apache-2.0	registry+https://github.com/rust-lang/crates.io-index	LICENSE-APACHE,LICENSE-MIT
cargo-conversion	futures-macro	0.3.34	MIT OR Apache-2.0	registry+https://github.com/rust-lang/crates.io-index	LICENSE-APACHE,LICENSE-MIT
cargo-conversion	futures-sink	0.3.34	MIT OR Apache-2.0	registry+https://github.com/rust-lang/crates.io-index	LICENSE-APACHE,LICENSE-MIT
cargo-conversion	futures-task	0.3.34	MIT OR Apache-2.0	registry+https://github.com/rust-lang/crates.io-index	LICENSE-APACHE,LICENSE-MIT
cargo-conversion	futures-util	0.3.34	MIT OR Apache-2.0	registry+https://github.com/rust-lang/crates.io-index	LICENSE-APACHE,LICENSE-MIT
cargo-conversion	hashbrown	0.15.5	MIT OR Apache-2.0	registry+https://github.com/rust-lang/crates.io-index	LICENSE-APACHE,LICENSE-MIT
cargo-conversion	hashbrown	0.17.1	MIT OR Apache-2.0	registry+https://github.com/rust-lang/crates.io-index	LICENSE-APACHE,LICENSE-MIT
cargo-conversion	heck	0.5.0	MIT OR Apache-2.0	registry+https://github.com/rust-lang/crates.io-index	LICENSE-APACHE,LICENSE-MIT
cargo-conversion	icu_collections	2.3.0	Unicode-3.0	registry+https://github.com/rust-lang/crates.io-index	LICENSE
cargo-conversion	icu_locale_core	2.3.0	Unicode-3.0	registry+https://github.com/rust-lang/crates.io-index	LICENSE
cargo-conversion	icu_normalizer	2.3.0	Unicode-3.0	registry+https://github.com/rust-lang/crates.io-index	LICENSE
cargo-conversion	icu_normalizer_data	2.3.0	Unicode-3.0	registry+https://github.com/rust-lang/crates.io-index	LICENSE
cargo-conversion	icu_properties	2.3.0	Unicode-3.0	registry+https://github.com/rust-lang/crates.io-index	LICENSE
cargo-conversion	icu_properties_data	2.3.0	Unicode-3.0	registry+https://github.com/rust-lang/crates.io-index	LICENSE
cargo-conversion	icu_provider	2.3.1	Unicode-3.0	registry+https://github.com/rust-lang/crates.io-index	LICENSE
cargo-conversion	id-arena	2.3.0	MIT/Apache-2.0	registry+https://github.com/rust-lang/crates.io-index	LICENSE-APACHE,LICENSE-MIT
cargo-conversion	idna	1.1.0	MIT OR Apache-2.0	registry+https://github.com/rust-lang/crates.io-index	LICENSE-APACHE,LICENSE-MIT
cargo-conversion	idna_adapter	1.2.2	Apache-2.0 OR MIT	registry+https://github.com/rust-lang/crates.io-index	LICENSE-APACHE,LICENSE-MIT
cargo-conversion	indexmap	2.14.2	Apache-2.0 OR MIT	registry+https://github.com/rust-lang/crates.io-index	LICENSE-APACHE,LICENSE-MIT
cargo-conversion	itoa	1.0.18	MIT OR Apache-2.0	registry+https://github.com/rust-lang/crates.io-index	LICENSE-APACHE,LICENSE-MIT
cargo-conversion	leb128fmt	0.1.0	MIT OR Apache-2.0	registry+https://github.com/rust-lang/crates.io-index	LICENSE-APACHE,LICENSE-MIT
cargo-conversion	litemap	0.8.3	Unicode-3.0	registry+https://github.com/rust-lang/crates.io-index	LICENSE
cargo-conversion	log	0.4.34	MIT OR Apache-2.0	registry+https://github.com/rust-lang/crates.io-index	LICENSE-APACHE,LICENSE-MIT
cargo-conversion	memchr	2.8.3	Unlicense OR MIT	registry+https://github.com/rust-lang/crates.io-index	COPYING,LICENSE-MIT,UNLICENSE
cargo-conversion	miniz_oxide	0.9.1	MIT OR Zlib OR Apache-2.0	registry+https://github.com/rust-lang/crates.io-index	LICENSE,LICENSE-APACHE.md,LICENSE-MIT.md,LICENSE-ZLIB.md
cargo-conversion	once_cell	1.21.4	MIT OR Apache-2.0	registry+https://github.com/rust-lang/crates.io-index	LICENSE-APACHE,LICENSE-MIT
cargo-conversion	percent-encoding	2.3.2	MIT OR Apache-2.0	registry+https://github.com/rust-lang/crates.io-index	LICENSE-APACHE,LICENSE-MIT
cargo-conversion	pin-project-lite	0.2.17	Apache-2.0 OR MIT	registry+https://github.com/rust-lang/crates.io-index	LICENSE-APACHE,LICENSE-MIT
cargo-conversion	potential_utf	0.1.6	Unicode-3.0	registry+https://github.com/rust-lang/crates.io-index	LICENSE
cargo-conversion	prettyplease	0.2.37	MIT OR Apache-2.0	registry+https://github.com/rust-lang/crates.io-index	LICENSE-APACHE,LICENSE-MIT
cargo-conversion	proc-macro2	1.0.107	MIT OR Apache-2.0	registry+https://github.com/rust-lang/crates.io-index	LICENSE-APACHE,LICENSE-MIT
cargo-conversion	quote	1.0.47	MIT OR Apache-2.0	registry+https://github.com/rust-lang/crates.io-index	LICENSE-APACHE,LICENSE-MIT
cargo-conversion	semver	1.0.28	MIT OR Apache-2.0	registry+https://github.com/rust-lang/crates.io-index	LICENSE-APACHE,LICENSE-MIT
cargo-conversion	serde	1.0.229	MIT OR Apache-2.0	registry+https://github.com/rust-lang/crates.io-index	LICENSE-APACHE,LICENSE-MIT
cargo-conversion	serde_core	1.0.229	MIT OR Apache-2.0	registry+https://github.com/rust-lang/crates.io-index	LICENSE-APACHE,LICENSE-MIT
cargo-conversion	serde_derive	1.0.229	MIT OR Apache-2.0	registry+https://github.com/rust-lang/crates.io-index	LICENSE-APACHE,LICENSE-MIT
cargo-conversion	serde_json	1.0.151	MIT OR Apache-2.0	registry+https://github.com/rust-lang/crates.io-index	LICENSE-APACHE,LICENSE-MIT
cargo-conversion	simd-adler32	0.3.10	MIT	registry+https://github.com/rust-lang/crates.io-index	LICENSE.md
cargo-conversion	slab	0.4.12	MIT	registry+https://github.com/rust-lang/crates.io-index	LICENSE
cargo-conversion	smallvec	1.16.1	MIT OR Apache-2.0	registry+https://github.com/rust-lang/crates.io-index	LICENSE-APACHE,LICENSE-MIT
cargo-conversion	spdx	0.10.9	MIT OR Apache-2.0	registry+https://github.com/rust-lang/crates.io-index	LICENSE-APACHE,LICENSE-MIT
cargo-conversion	stable_deref_trait	1.2.1	MIT OR Apache-2.0	registry+https://github.com/rust-lang/crates.io-index	LICENSE-APACHE,LICENSE-MIT
cargo-conversion	syn	2.0.119	MIT OR Apache-2.0	registry+https://github.com/rust-lang/crates.io-index	LICENSE-APACHE,LICENSE-MIT
cargo-conversion	syn	3.0.6	MIT OR Apache-2.0	registry+https://github.com/rust-lang/crates.io-index	LICENSE-APACHE,LICENSE-MIT
cargo-conversion	synstructure	0.14.0	MIT	registry+https://github.com/rust-lang/crates.io-index	LICENSE
cargo-conversion	tinystr	0.8.4	Unicode-3.0	registry+https://github.com/rust-lang/crates.io-index	LICENSE
cargo-conversion	topological-sort	0.2.2	MIT OR Apache-2.0	registry+https://github.com/rust-lang/crates.io-index	LICENSE-APACHE,LICENSE-MIT
cargo-conversion	unicode-ident	1.0.26	(MIT OR Apache-2.0) AND Unicode-3.0	registry+https://github.com/rust-lang/crates.io-index	LICENSE-APACHE,LICENSE-MIT,LICENSE-UNICODE
cargo-conversion	unicode-xid	0.2.6	MIT OR Apache-2.0	registry+https://github.com/rust-lang/crates.io-index	LICENSE-APACHE,LICENSE-MIT
cargo-conversion	url	2.5.8	MIT OR Apache-2.0	registry+https://github.com/rust-lang/crates.io-index	LICENSE-APACHE,LICENSE-MIT
cargo-conversion	utf8_iter	1.0.4	Apache-2.0 OR MIT	registry+https://github.com/rust-lang/crates.io-index	LICENSE-APACHE,LICENSE-MIT
cargo-conversion	wasm-encoder	0.227.1	Apache-2.0 WITH LLVM-exception OR Apache-2.0 OR MIT	registry+https://github.com/rust-lang/crates.io-index	
cargo-conversion	wasm-metadata	0.227.1	Apache-2.0 WITH LLVM-exception OR Apache-2.0 OR MIT	registry+https://github.com/rust-lang/crates.io-index	
cargo-conversion	wasmparser	0.227.1	Apache-2.0 WITH LLVM-exception OR Apache-2.0 OR MIT	registry+https://github.com/rust-lang/crates.io-index	
cargo-conversion	wit-bindgen	0.41.0	Apache-2.0 WITH LLVM-exception OR Apache-2.0 OR MIT	registry+https://github.com/rust-lang/crates.io-index	
cargo-conversion	wit-bindgen-core	0.41.0	Apache-2.0 WITH LLVM-exception OR Apache-2.0 OR MIT	registry+https://github.com/rust-lang/crates.io-index	
cargo-conversion	wit-bindgen-rt	0.41.0	Apache-2.0 WITH LLVM-exception OR Apache-2.0 OR MIT	registry+https://github.com/rust-lang/crates.io-index	
cargo-conversion	wit-bindgen-rust	0.41.0	Apache-2.0 WITH LLVM-exception OR Apache-2.0 OR MIT	registry+https://github.com/rust-lang/crates.io-index	
cargo-conversion	wit-bindgen-rust-macro	0.41.0	Apache-2.0 WITH LLVM-exception OR Apache-2.0 OR MIT	registry+https://github.com/rust-lang/crates.io-index	
cargo-conversion	wit-component	0.227.1	Apache-2.0 WITH LLVM-exception OR Apache-2.0 OR MIT	registry+https://github.com/rust-lang/crates.io-index	
cargo-conversion	wit-parser	0.227.1	Apache-2.0 WITH LLVM-exception OR Apache-2.0 OR MIT	registry+https://github.com/rust-lang/crates.io-index	
cargo-conversion	writeable	0.6.4	Unicode-3.0	registry+https://github.com/rust-lang/crates.io-index	LICENSE
cargo-conversion	yoke	0.8.3	Unicode-3.0	registry+https://github.com/rust-lang/crates.io-index	LICENSE
cargo-conversion	yoke-derive	0.8.3	Unicode-3.0	registry+https://github.com/rust-lang/crates.io-index	LICENSE
cargo-conversion	zed_extension_api	0.7.0	Apache-2.0	registry+https://github.com/rust-lang/crates.io-index	LICENSE-APACHE
cargo-conversion	zerofrom	0.1.8	Unicode-3.0	registry+https://github.com/rust-lang/crates.io-index	LICENSE
cargo-conversion	zerofrom-derive	0.1.8	Unicode-3.0	registry+https://github.com/rust-lang/crates.io-index	LICENSE
cargo-conversion	zerotrie	0.2.5	Unicode-3.0	registry+https://github.com/rust-lang/crates.io-index	LICENSE
cargo-conversion	zerovec	0.11.8	Unicode-3.0	registry+https://github.com/rust-lang/crates.io-index	LICENSE
cargo-conversion	zerovec-derive	0.11.6	Unicode-3.0	registry+https://github.com/rust-lang/crates.io-index	LICENSE
cargo-conversion	zlib-rs	0.6.8	Zlib	registry+https://github.com/rust-lang/crates.io-index	LICENSE
cargo-conversion	zmij	1.0.23	MIT	registry+https://github.com/rust-lang/crates.io-index	LICENSE-MIT
cargo-proofreading	adler2	2.0.1	0BSD OR MIT OR Apache-2.0	registry+https://github.com/rust-lang/crates.io-index	LICENSE-0BSD,LICENSE-APACHE,LICENSE-MIT
cargo-proofreading	anyhow	1.0.104	MIT OR Apache-2.0	registry+https://github.com/rust-lang/crates.io-index	LICENSE-APACHE,LICENSE-MIT
cargo-proofreading	auditable-serde	0.8.0	MIT OR Apache-2.0	registry+https://github.com/rust-lang/crates.io-index	
cargo-proofreading	bitflags	2.13.2	MIT OR Apache-2.0	registry+https://github.com/rust-lang/crates.io-index	LICENSE-APACHE,LICENSE-MIT
cargo-proofreading	cfg-if	1.0.5	MIT OR Apache-2.0	registry+https://github.com/rust-lang/crates.io-index	LICENSE-APACHE,LICENSE-MIT
cargo-proofreading	crc32fast	1.5.2	MIT OR Apache-2.0	registry+https://github.com/rust-lang/crates.io-index	LICENSE-APACHE,LICENSE-MIT
cargo-proofreading	displaydoc	0.2.7	MIT OR Apache-2.0	registry+https://github.com/rust-lang/crates.io-index	LICENSE-APACHE,LICENSE-MIT
cargo-proofreading	equivalent	1.0.2	Apache-2.0 OR MIT	registry+https://github.com/rust-lang/crates.io-index	LICENSE-APACHE,LICENSE-MIT
cargo-proofreading	flate2	1.1.10	MIT OR Apache-2.0	registry+https://github.com/rust-lang/crates.io-index	LICENSE-APACHE,LICENSE-MIT
cargo-proofreading	foldhash	0.1.5	Zlib	registry+https://github.com/rust-lang/crates.io-index	LICENSE
cargo-proofreading	form_urlencoded	1.2.2	MIT OR Apache-2.0	registry+https://github.com/rust-lang/crates.io-index	LICENSE-APACHE,LICENSE-MIT
cargo-proofreading	futures	0.3.34	MIT OR Apache-2.0	registry+https://github.com/rust-lang/crates.io-index	LICENSE-APACHE,LICENSE-MIT
cargo-proofreading	futures-channel	0.3.34	MIT OR Apache-2.0	registry+https://github.com/rust-lang/crates.io-index	LICENSE-APACHE,LICENSE-MIT
cargo-proofreading	futures-core	0.3.34	MIT OR Apache-2.0	registry+https://github.com/rust-lang/crates.io-index	LICENSE-APACHE,LICENSE-MIT
cargo-proofreading	futures-executor	0.3.34	MIT OR Apache-2.0	registry+https://github.com/rust-lang/crates.io-index	LICENSE-APACHE,LICENSE-MIT
cargo-proofreading	futures-io	0.3.34	MIT OR Apache-2.0	registry+https://github.com/rust-lang/crates.io-index	LICENSE-APACHE,LICENSE-MIT
cargo-proofreading	futures-macro	0.3.34	MIT OR Apache-2.0	registry+https://github.com/rust-lang/crates.io-index	LICENSE-APACHE,LICENSE-MIT
cargo-proofreading	futures-sink	0.3.34	MIT OR Apache-2.0	registry+https://github.com/rust-lang/crates.io-index	LICENSE-APACHE,LICENSE-MIT
cargo-proofreading	futures-task	0.3.34	MIT OR Apache-2.0	registry+https://github.com/rust-lang/crates.io-index	LICENSE-APACHE,LICENSE-MIT
cargo-proofreading	futures-util	0.3.34	MIT OR Apache-2.0	registry+https://github.com/rust-lang/crates.io-index	LICENSE-APACHE,LICENSE-MIT
cargo-proofreading	hashbrown	0.15.5	MIT OR Apache-2.0	registry+https://github.com/rust-lang/crates.io-index	LICENSE-APACHE,LICENSE-MIT
cargo-proofreading	hashbrown	0.17.1	MIT OR Apache-2.0	registry+https://github.com/rust-lang/crates.io-index	LICENSE-APACHE,LICENSE-MIT
cargo-proofreading	heck	0.5.0	MIT OR Apache-2.0	registry+https://github.com/rust-lang/crates.io-index	LICENSE-APACHE,LICENSE-MIT
cargo-proofreading	icu_collections	2.3.0	Unicode-3.0	registry+https://github.com/rust-lang/crates.io-index	LICENSE
cargo-proofreading	icu_locale_core	2.3.0	Unicode-3.0	registry+https://github.com/rust-lang/crates.io-index	LICENSE
cargo-proofreading	icu_normalizer	2.3.0	Unicode-3.0	registry+https://github.com/rust-lang/crates.io-index	LICENSE
cargo-proofreading	icu_normalizer_data	2.3.0	Unicode-3.0	registry+https://github.com/rust-lang/crates.io-index	LICENSE
cargo-proofreading	icu_properties	2.3.0	Unicode-3.0	registry+https://github.com/rust-lang/crates.io-index	LICENSE
cargo-proofreading	icu_properties_data	2.3.0	Unicode-3.0	registry+https://github.com/rust-lang/crates.io-index	LICENSE
cargo-proofreading	icu_provider	2.3.1	Unicode-3.0	registry+https://github.com/rust-lang/crates.io-index	LICENSE
cargo-proofreading	id-arena	2.3.0	MIT/Apache-2.0	registry+https://github.com/rust-lang/crates.io-index	LICENSE-APACHE,LICENSE-MIT
cargo-proofreading	idna	1.1.0	MIT OR Apache-2.0	registry+https://github.com/rust-lang/crates.io-index	LICENSE-APACHE,LICENSE-MIT
cargo-proofreading	idna_adapter	1.2.2	Apache-2.0 OR MIT	registry+https://github.com/rust-lang/crates.io-index	LICENSE-APACHE,LICENSE-MIT
cargo-proofreading	indexmap	2.14.2	Apache-2.0 OR MIT	registry+https://github.com/rust-lang/crates.io-index	LICENSE-APACHE,LICENSE-MIT
cargo-proofreading	itoa	1.0.18	MIT OR Apache-2.0	registry+https://github.com/rust-lang/crates.io-index	LICENSE-APACHE,LICENSE-MIT
cargo-proofreading	leb128fmt	0.1.0	MIT OR Apache-2.0	registry+https://github.com/rust-lang/crates.io-index	LICENSE-APACHE,LICENSE-MIT
cargo-proofreading	litemap	0.8.3	Unicode-3.0	registry+https://github.com/rust-lang/crates.io-index	LICENSE
cargo-proofreading	log	0.4.34	MIT OR Apache-2.0	registry+https://github.com/rust-lang/crates.io-index	LICENSE-APACHE,LICENSE-MIT
cargo-proofreading	memchr	2.8.3	Unlicense OR MIT	registry+https://github.com/rust-lang/crates.io-index	COPYING,LICENSE-MIT,UNLICENSE
cargo-proofreading	miniz_oxide	0.9.1	MIT OR Zlib OR Apache-2.0	registry+https://github.com/rust-lang/crates.io-index	LICENSE,LICENSE-APACHE.md,LICENSE-MIT.md,LICENSE-ZLIB.md
cargo-proofreading	once_cell	1.21.4	MIT OR Apache-2.0	registry+https://github.com/rust-lang/crates.io-index	LICENSE-APACHE,LICENSE-MIT
cargo-proofreading	percent-encoding	2.3.2	MIT OR Apache-2.0	registry+https://github.com/rust-lang/crates.io-index	LICENSE-APACHE,LICENSE-MIT
cargo-proofreading	pin-project-lite	0.2.17	Apache-2.0 OR MIT	registry+https://github.com/rust-lang/crates.io-index	LICENSE-APACHE,LICENSE-MIT
cargo-proofreading	potential_utf	0.1.6	Unicode-3.0	registry+https://github.com/rust-lang/crates.io-index	LICENSE
cargo-proofreading	prettyplease	0.2.37	MIT OR Apache-2.0	registry+https://github.com/rust-lang/crates.io-index	LICENSE-APACHE,LICENSE-MIT
cargo-proofreading	proc-macro2	1.0.107	MIT OR Apache-2.0	registry+https://github.com/rust-lang/crates.io-index	LICENSE-APACHE,LICENSE-MIT
cargo-proofreading	quote	1.0.47	MIT OR Apache-2.0	registry+https://github.com/rust-lang/crates.io-index	LICENSE-APACHE,LICENSE-MIT
cargo-proofreading	semver	1.0.28	MIT OR Apache-2.0	registry+https://github.com/rust-lang/crates.io-index	LICENSE-APACHE,LICENSE-MIT
cargo-proofreading	serde	1.0.229	MIT OR Apache-2.0	registry+https://github.com/rust-lang/crates.io-index	LICENSE-APACHE,LICENSE-MIT
cargo-proofreading	serde_core	1.0.229	MIT OR Apache-2.0	registry+https://github.com/rust-lang/crates.io-index	LICENSE-APACHE,LICENSE-MIT
cargo-proofreading	serde_derive	1.0.229	MIT OR Apache-2.0	registry+https://github.com/rust-lang/crates.io-index	LICENSE-APACHE,LICENSE-MIT
cargo-proofreading	serde_json	1.0.151	MIT OR Apache-2.0	registry+https://github.com/rust-lang/crates.io-index	LICENSE-APACHE,LICENSE-MIT
cargo-proofreading	simd-adler32	0.3.10	MIT	registry+https://github.com/rust-lang/crates.io-index	LICENSE.md
cargo-proofreading	slab	0.4.12	MIT	registry+https://github.com/rust-lang/crates.io-index	LICENSE
cargo-proofreading	smallvec	1.16.1	MIT OR Apache-2.0	registry+https://github.com/rust-lang/crates.io-index	LICENSE-APACHE,LICENSE-MIT
cargo-proofreading	spdx	0.10.9	MIT OR Apache-2.0	registry+https://github.com/rust-lang/crates.io-index	LICENSE-APACHE,LICENSE-MIT
cargo-proofreading	stable_deref_trait	1.2.1	MIT OR Apache-2.0	registry+https://github.com/rust-lang/crates.io-index	LICENSE-APACHE,LICENSE-MIT
cargo-proofreading	syn	2.0.119	MIT OR Apache-2.0	registry+https://github.com/rust-lang/crates.io-index	LICENSE-APACHE,LICENSE-MIT
cargo-proofreading	syn	3.0.6	MIT OR Apache-2.0	registry+https://github.com/rust-lang/crates.io-index	LICENSE-APACHE,LICENSE-MIT
cargo-proofreading	synstructure	0.14.0	MIT	registry+https://github.com/rust-lang/crates.io-index	LICENSE
cargo-proofreading	tinystr	0.8.4	Unicode-3.0	registry+https://github.com/rust-lang/crates.io-index	LICENSE
cargo-proofreading	topological-sort	0.2.2	MIT OR Apache-2.0	registry+https://github.com/rust-lang/crates.io-index	LICENSE-APACHE,LICENSE-MIT
cargo-proofreading	unicode-ident	1.0.26	(MIT OR Apache-2.0) AND Unicode-3.0	registry+https://github.com/rust-lang/crates.io-index	LICENSE-APACHE,LICENSE-MIT,LICENSE-UNICODE
cargo-proofreading	unicode-xid	0.2.6	MIT OR Apache-2.0	registry+https://github.com/rust-lang/crates.io-index	LICENSE-APACHE,LICENSE-MIT
cargo-proofreading	url	2.5.8	MIT OR Apache-2.0	registry+https://github.com/rust-lang/crates.io-index	LICENSE-APACHE,LICENSE-MIT
cargo-proofreading	utf8_iter	1.0.4	Apache-2.0 OR MIT	registry+https://github.com/rust-lang/crates.io-index	LICENSE-APACHE,LICENSE-MIT
cargo-proofreading	wasm-encoder	0.227.1	Apache-2.0 WITH LLVM-exception OR Apache-2.0 OR MIT	registry+https://github.com/rust-lang/crates.io-index	
cargo-proofreading	wasm-metadata	0.227.1	Apache-2.0 WITH LLVM-exception OR Apache-2.0 OR MIT	registry+https://github.com/rust-lang/crates.io-index	
cargo-proofreading	wasmparser	0.227.1	Apache-2.0 WITH LLVM-exception OR Apache-2.0 OR MIT	registry+https://github.com/rust-lang/crates.io-index	
cargo-proofreading	wit-bindgen	0.41.0	Apache-2.0 WITH LLVM-exception OR Apache-2.0 OR MIT	registry+https://github.com/rust-lang/crates.io-index	
cargo-proofreading	wit-bindgen-core	0.41.0	Apache-2.0 WITH LLVM-exception OR Apache-2.0 OR MIT	registry+https://github.com/rust-lang/crates.io-index	
cargo-proofreading	wit-bindgen-rt	0.41.0	Apache-2.0 WITH LLVM-exception OR Apache-2.0 OR MIT	registry+https://github.com/rust-lang/crates.io-index	
cargo-proofreading	wit-bindgen-rust	0.41.0	Apache-2.0 WITH LLVM-exception OR Apache-2.0 OR MIT	registry+https://github.com/rust-lang/crates.io-index	
cargo-proofreading	wit-bindgen-rust-macro	0.41.0	Apache-2.0 WITH LLVM-exception OR Apache-2.0 OR MIT	registry+https://github.com/rust-lang/crates.io-index	
cargo-proofreading	wit-component	0.227.1	Apache-2.0 WITH LLVM-exception OR Apache-2.0 OR MIT	registry+https://github.com/rust-lang/crates.io-index	
cargo-proofreading	wit-parser	0.227.1	Apache-2.0 WITH LLVM-exception OR Apache-2.0 OR MIT	registry+https://github.com/rust-lang/crates.io-index	
cargo-proofreading	writeable	0.6.4	Unicode-3.0	registry+https://github.com/rust-lang/crates.io-index	LICENSE
cargo-proofreading	yoke	0.8.3	Unicode-3.0	registry+https://github.com/rust-lang/crates.io-index	LICENSE
cargo-proofreading	yoke-derive	0.8.3	Unicode-3.0	registry+https://github.com/rust-lang/crates.io-index	LICENSE
cargo-proofreading	zed_extension_api	0.7.0	Apache-2.0	registry+https://github.com/rust-lang/crates.io-index	LICENSE-APACHE
cargo-proofreading	zerofrom	0.1.8	Unicode-3.0	registry+https://github.com/rust-lang/crates.io-index	LICENSE
cargo-proofreading	zerofrom-derive	0.1.8	Unicode-3.0	registry+https://github.com/rust-lang/crates.io-index	LICENSE
cargo-proofreading	zerotrie	0.2.5	Unicode-3.0	registry+https://github.com/rust-lang/crates.io-index	LICENSE
cargo-proofreading	zerovec	0.11.8	Unicode-3.0	registry+https://github.com/rust-lang/crates.io-index	LICENSE
cargo-proofreading	zerovec-derive	0.11.6	Unicode-3.0	registry+https://github.com/rust-lang/crates.io-index	LICENSE
cargo-proofreading	zlib-rs	0.6.8	Zlib	registry+https://github.com/rust-lang/crates.io-index	LICENSE
cargo-proofreading	zmij	1.0.23	MIT	registry+https://github.com/rust-lang/crates.io-index	LICENSE-MIT
